Zip Code,City,City-Zip,County
97330,Adair Village,Adair Village-97330,Benton
97810,Adams,Adams-97810,Umatilla
97620,Adel,Adel-97620,Lake
97901,Adrian,Adrian-97901,Malheur
97068,Advance,Advance-97068,Clackamas
97070,Advance,Advance-97070,Clackamas
97365,Agate Beach,Agate Beach-97365,Lincoln
97406,Agness,Agness-97406,Curry
97211,Alameda,Alameda-97211,Multnomah
97321,Albany,Albany-97321,Linn
97322,Albany,Albany-97322,Linn
97055,Alder Creek,Alder Creek-97055,Clackamas
97407,Allegany,Allegany-97407,Coos
97003,Aloha,Aloha-97003,Washington
97006,Aloha,Aloha-97006,Washington
97007,Aloha,Aloha-97007,Washington
97078,Aloha,Aloha-97078,Washington
97456,Alpine,Alpine-97456,Benton
97324,Alsea,Alsea-97324,Benton
97409,Alvadore,Alvadore-97409,Lane
97101,Amity,Amity-97101,Yamhill
97080,Anderson,Anderson-97080,Multnomah
97001,Antelope,Antelope-97001,Wasco
97530,Applegate,Applegate-97530,Jackson
97458,Arago,Arago-97458,Coos
97217,Arbor Lodge,Arbor Lodge-97217,Multnomah
97102,Arch Cape,Arch Cape-97102,Clatsop
97202,Ardenwald,Ardenwald-97202,Multnomah
97230,Argay,Argay-97230,Multnomah
97812,Arlington,Arlington-97812,Gilliam
97861,Arlington,Arlington-97861,Gilliam
97221,Arlington Heights,Arlington Heights-97221,Multnomah
97219,Arnold Creek,Arnold Creek-97219,Multnomah
97902,Arock,Arock-97902,Malheur
97080,Asert,Asert-97080,Multnomah
97219,Ash Creek,Ash Creek-97219,Multnomah
97267,Ashdale,Ashdale-97267,Clackamas
97520,Ashland,Ashland-97520,Jackson
97711,Ashwood,Ashwood-97711,Jefferson
97103,Astoria,Astoria-97103,Clatsop
97813,Athena,Athena-97813,Umatilla
97325,Aumsville,Aumsville-97325,Marion
97002,Aurora,Aurora-97002,Marion
97410,Azalea,Azalea-97410,Douglas
97814,Baker,Baker-97814,Baker
97814,Baker City,Baker City-97814,Baker
97411,Bandon,Bandon-97411,Coos
97106,Banks,Banks-97106,Washington
97109,Banks,Banks-97109,Washington
97125,Banks,Banks-97125,Washington
97013,Barlow,Barlow-97013,Clackamas
97009,Barton,Barton-97009,Clackamas
97420,Barview,Barview-97420,Coos
97817,Bates,Bates-97817,Grant
97266,Battin,Battin-97266,Multnomah
97107,Bay City,Bay City-97107,Tillamook
97621,Beatty,Beatty-97621,Klamath
97211,Beaumont Wilshire,Beaumont Wilshire-97211,Multnomah
97212,Beaumont Wilshire,Beaumont Wilshire-97212,Multnomah
97213,Beaumont Wilshire,Beaumont Wilshire-97213,Multnomah
97218,Beaumont Wilshire,Beaumont Wilshire-97218,Multnomah
97108,Beaver,Beaver-97108,Tillamook
97112,Beaver,Beaver-97112,Tillamook
97004,Beavercreek,Beavercreek-97004,Clackamas
97003,Beaverton,Beaverton-97003,Washington
97005,Beaverton,Beaverton-97005,Washington
97006,Beaverton,Beaverton-97006,Washington
97007,Beaverton,Beaverton-97007,Washington
97008,Beaverton,Beaverton-97008,Washington
97075,Beaverton,Beaverton-97075,Washington
97076,Beaverton,Beaverton-97076,Washington
97077,Beaverton,Beaverton-97077,Washington
97078,Beaverton,Beaverton-97078,Washington
97079,Beaverton,Beaverton-97079,Washington
97008,Bel-Air,Bel-Air-97008,Washington
97456,Bellfountain,Bellfountain-97456,Benton
97701,Bend,Bend-97701,Deschutes
97702,Bend,Bend-97702,Deschutes
97703,Bend,Bend-97703,Deschutes
97707,Bend,Bend-97707,Deschutes
97708,Bend,Bend-97708,Deschutes
97709,Bend,Bend-97709,Deschutes
97124,Bendemeer,Bendemeer-97124,Washington
97124,Bethany,Bethany-97124,Washington
97016,Birkenfeld,Birkenfeld-97016,Columbia
97412,Blachly,Blachly-97412,Lane
97759,Black Butte,Black Butte-97759,Deschutes
97759,Black Butte Ranch,Black Butte Ranch-97759,Deschutes
97326,Blodgett,Blodgett-97326,Lincoln
97113,Blooming,Blooming-97113,Washington
97413,Blue River,Blue River-97413,Lane
97622,Bly,Bly-97622,Klamath
97818,Boardman,Boardman-97818,Morrow
97211,Boise,Boise-97211,Multnomah
97227,Boise,Boise-97227,Multnomah
97068,Bolton,Bolton-97068,Clackamas
97623,Bonanza,Bonanza-97623,Klamath
97224,Bonita,Bonita-97224,Washington
97014,Bonneville,Bonneville-97014,Hood River
97229,Bonny Slope,Bonny Slope-97229,Washington
97009,Boring,Boring-97009,Clackamas
97089,Boring,Boring-97089,Clackamas
97124,Bowers Junction,Bowers Junction-97124,Washington
97206,Brentwood-Darlington,Brentwood-Darlington-97206,Multnomah
97219,Briarwood,Briarwood-97219,Multnomah
97010,Bridal Veil,Bridal Veil-97010,Multnomah
97819,Bridgeport,Bridgeport-97819,Baker
97211,Bridgeton,Bridgeton-97211,Multnomah
97217,Bridgeton,Bridgeton-97217,Multnomah
97201,Bridlemile,Bridlemile-97201,Multnomah
97221,Bridlemile,Bridlemile-97221,Multnomah
97136,Brighton,Brighton-97136,Tillamook
97011,Brightwood,Brightwood-97011,Clackamas
97414,Broadbent,Broadbent-97414,Coos
97903,Brogan,Brogan-97903,Malheur
97415,Brookings,Brookings-97415,Curry
97202,Brooklyn,Brooklyn-97202,Multnomah
97305,Brooks,Brooks-97305,Marion
97206,Brookwild,Brookwild-97206,Multnomah
97712,Brothers,Brothers-97712,Deschutes
97327,Brownsville,Brownsville-97327,Linn
97035,Bryant,Bryant-97035,Clackamas
97214,Buckman,Buckman-97214,Multnomah
97055,Bull Run,Bull Run-97055,Clackamas
97231,Burlington,Burlington-97231,Multnomah
97720,Burns,Burns-97720,Harney
97722,Burns,Burns-97722,Harney
97522,Butte Falls,Butte Falls-97522,Jackson
97109,Buxton,Buxton-97109,Washington
97416,Camas Valley,Camas Valley-97416,Douglas
97730,Camp Sherman,Camp Sherman-97730,Jefferson
97013,Canby,Canby-97013,Clackamas
97045,Canemah,Canemah-97045,Clackamas
97110,Cannon Beach,Cannon Beach-97110,Clatsop
97820,Canyon City,Canyon City-97820,Grant
97417,Canyonville,Canyonville-97417,Douglas
97141,Cape Meares,Cape Meares-97141,Tillamook
97111,Carlton,Carlton-97111,Yamhill
97116,Carnation,Carnation-97116,Washington
97045,Carus,Carus-97045,Clackamas
97015,Carver,Carver-97015,Clackamas
97014,Cascade Locks,Cascade Locks-97014,Hood River
97329,Cascadia,Cascadia-97329,Linn
97203,Cathedral Park,Cathedral Park-97203,Multnomah
97523,Cave Junction,Cave Junction-97523,Josephine
97531,Cave Junction,Cave Junction-97531,Josephine
97801,Cayuse,Cayuse-97801,Umatilla
97225,Cedar Hills,Cedar Hills-97225,Washington
97229,Cedar Mill,Cedar Mill-97229,Washington
97068,Cedaroak,Cedaroak-97068,Clackamas
97030,Centennial,Centennial-97030,Multnomah
97233,Centennial,Centennial-97233,Multnomah
97213,Center,Center-97213,Multnomah
97013,Central Point,Central Point-97013,Clackamas
97502,Central Point,Central Point-97502,Jackson
97070,Charbonneau,Charbonneau-97070,Clackamas
97420,Charleston,Charleston-97420,Coos
97731,Chemult,Chemult-97731,Klamath
97055,Cherryville,Cherryville-97055,Clackamas
97419,Cheshire,Cheshire-97419,Lane
97604,Chiloquin,Chiloquin-97604,Klamath
97624,Chiloquin,Chiloquin-97624,Klamath
97639,Chiloquin,Chiloquin-97639,Klamath
97106,Christie,Christie-97106,Washington
97641,Christmas Valley,Christmas Valley-97641,Lake
97015,Clackamas,Clackamas-97015,Clackamas
97086,Clackamas,Clackamas-97086,Clackamas
97045,Clackamas Heights,Clackamas Heights-97045,Clackamas
97004,Clarkes,Clarkes-97004,Clackamas
97001,Clarno,Clarno-97001,Wasco
97016,Clatskanie,Clatskanie-97016,Columbia
97112,Cloverdale,Cloverdale-97112,Tillamook
97408,Coburg,Coburg-97408,Lane
97219,Collins View,Collins View-97219,Multnomah
97017,Colton,Colton-97017,Clackamas
97018,Columbia City,Columbia City-97018,Columbia
97267,Concord,Concord-97267,Clackamas
97211,Concordia,Concordia-97211,Multnomah
97823,Condon,Condon-97823,Gilliam
97420,Coos Bay,Coos Bay-97420,Coos
97423,Coquille,Coquille-97423,Coos
97019,Corbett,Corbett-97019,Multnomah
97201,Corbett-Terwilliger,Corbett-Terwilliger-97201,Multnomah
97113,Cornelius,Cornelius-97113,Washington
97123,Cornelius,Cornelius-97123,Washington
97231,Cornelius Pass,Cornelius Pass-97231,Multnomah
97330,Corvallis,Corvallis-97330,Benton
97331,Corvallis,Corvallis-97331,Benton
97333,Corvallis,Corvallis-97333,Benton
97339,Corvallis,Corvallis-97339,Benton
97424,Cottage Grove,Cottage Grove-97424,Lane
97009,Cottrell,Cottrell-97009,Clackamas
97824,Cove,Cove-97824,Union
97148,Cove Orchard,Cove Orchard-97148,Yamhill
97335,Crabtree,Crabtree-97335,Linn
97732,Crane,Crane-97732,Harney
97604,Crater Lake,Crater Lake-97604,Klamath
97336,Crawfordsville,Crawfordsville-97336,Linn
97733,Crescent,Crescent-97733,Klamath
97733,Crescent Lake,Crescent Lake-97733,Klamath
97202,Creston-Kenilworth,Creston-Kenilworth-97202,Multnomah
97206,Creston-Kenilworth,Creston-Kenilworth-97206,Multnomah
97219,Crestwood,Crestwood-97219,Multnomah
97426,Creswell,Creswell-97426,Lane
97760,Crooked River,Crooked River-97760,Deschutes
97760,Crooked River Ranch,Crooked River Ranch-97760,Deschutes
97218,Cully,Cully-97218,Multnomah
97434,Culp Creek,Culp Creek-97434,Lane
97734,Culver,Culver-97734,Jefferson
97023,Currinsville,Currinsville-97023,Clackamas
97424,Curtin,Curtin-97424,Lane
97625,Dairy,Dairy-97625,Klamath
97880,Dale,Dale-97880,Umatilla
97338,Dallas,Dallas-97338,Polk
97009,Damascus,Damascus-97009,Clackamas
97015,Damascus,Damascus-97015,Clackamas
97089,Damascus,Damascus-97089,Clackamas
97236,Damascus,Damascus-97236,Multnomah
97429,Days Creek,Days Creek-97429,Douglas
97114,Dayton,Dayton-97114,Yamhill
97825,Dayville,Dayville-97825,Grant
97430,Deadwood,Deadwood-97430,Lane
97054,Deer Island,Deer Island-97054,Columbia
97119,Dellwood,Dellwood-97119,Washington
97008,Denneux,Denneux-97008,Washington
97341,Depoe Bay,Depoe Bay-97341,Lincoln
97116,Detour,Detour-97116,Washington
97342,Detroit,Detroit-97342,Marion
97119,Dewey,Dewey-97119,Washington
97431,Dexter,Dexter-97431,Lane
97722,Diamond,Diamond-97722,Harney
97731,Diamond Lake,Diamond Lake-97731,Klamath
97432,Dillard,Dillard-97432,Douglas
97116,Dilley,Dilley-97116,Washington
97470,Dixonville,Dixonville-97470,Douglas
97014,Dodson,Dodson-97014,Hood River
97020,Donald,Donald-97020,Marion
97434,Dorena,Dorena-97434,Lane
97022,Douglass Ridge,Douglass Ridge-97022,Clackamas
97022,Dover,Dover-97022,Clackamas
97205,Downtown,Downtown-97205,Multnomah
97435,Drain,Drain-97435,Douglas
97484,Drew,Drew-97484,Douglas
97904,Drewsey,Drewsey-97904,Harney
97021,Dufur,Dufur-97021,Wasco
97115,Dundee,Dundee-97115,Yamhill
97439,Dunes City,Dunes City-97439,Lane
97219,Dunthorpe,Dunthorpe-97219,Multnomah
97062,Durham,Durham-97062,Washington
97224,Durham,Durham-97224,Washington
97905,Durkee,Durkee-97905,Baker
97022,Eagle Creek,Eagle Creek-97022,Clackamas
97524,Eagle Point,Eagle Point-97524,Jackson
97211,East Columbia,East Columbia-97211,Multnomah
97202,Eastmoreland,Eastmoreland-97202,Multnomah
97420,Eastside,Eastside-97420,Coos
97038,Eby,Eby-97038,Clackamas
97826,Echo,Echo-97826,Umatilla
97045,Echo Dell,Echo Dell-97045,Clackamas
97343,Eddyville,Eddyville-97343,Lincoln
97827,Elgin,Elgin-97827,Union
97212,Eliot,Eliot-97212,Multnomah
97227,Eliot,Eliot-97227,Multnomah
97436,Elkton,Elkton-97436,Douglas
97437,Elmira,Elmira-97437,Lane
97006,Elmonica,Elmonica-97006,Washington
97420,Empire,Empire-97420,Coos
97828,Enterprise,Enterprise-97828,Wallowa
97023,Estacada,Estacada-97023,Clackamas
97401,Eugene,Eugene-97401,Lane
97402,Eugene,Eugene-97402,Lane
97403,Eugene,Eugene-97403,Lane
97404,Eugene,Eugene-97404,Lane
97405,Eugene,Eugene-97405,Lane
97408,Eugene,Eugene-97408,Lane
97412,Eugene,Eugene-97412,Lane
97440,Eugene,Eugene-97440,Lane
97455,Eugene,Eugene-97455,Lane
97222,Fair Oaks,Fair Oaks-97222,Clackamas
97267,Fair Oaks,Fair Oaks-97267,Clackamas
97024,Fairview,Fairview-97024,Multnomah
97438,Fall Creek,Fall Creek-97438,Lane
97344,Falls City,Falls City-97344,Polk
97004,Falls View,Falls View-97004,Clackamas
97219,Far Southwest,Far Southwest-97219,Multnomah
97007,Farmington,Farmington-97007,Washington
97123,Farmington,Farmington-97123,Washington
97710,Fields,Fields-97710,Harney
97488,Finn Rock,Finn Rock-97488,Lane
97045,Fir Grove,Fir Grove-97045,Clackamas
97055,Firwood,Firwood-97055,Clackamas
97045,Fischers Mill,Fischers Mill-97045,Clackamas
97004,Fishers Corner,Fishers Corner-97004,Clackamas
97439,Florence,Florence-97439,Lane
97231,Folkenberg,Folkenberg-97231,Multnomah
97116,Forest Grove,Forest Grove-97116,Washington
97229,Forest Heights,Forest Heights-97229,Washington
97626,Fort Klamath,Fort Klamath-97626,Klamath
97735,Fort Rock,Fort Rock-97735,Lake
97830,Fossil,Fossil-97830,Wheeler
97345,Foster,Foster-97345,Linn
97206,Foster-Powell,Foster-Powell-97206,Multnomah
97045,Four Corners,Four Corners-97045,Clackamas
97856,Fox,Fox-97856,Grant
97736,Frenchglen,Frenchglen-97736,Harney
97021,Friend,Friend-97021,Wasco
97117,Gales Creek,Gales Creek-97117,Washington
97223,Garden Home,Garden Home-97223,Washington
97225,Garden Home,Garden Home-97225,Washington
97441,Gardiner,Gardiner-97441,Douglas
97023,Garfield,Garfield-97023,Clackamas
97118,Garibaldi,Garibaldi-97118,Tillamook
97119,Gaston,Gaston-97119,Washington
97346,Gates,Gates-97346,Marion
97458,Gaylord,Gaylord-97458,Coos
97138,Gearhart,Gearhart-97138,Clatsop
97026,Gervais,Gervais-97026,Marion
97236,Gilbert,Gilbert-97236,Multnomah
97737,Gilchrist,Gilchrist-97737,Klamath
97027,Gladstone,Gladstone-97027,Clackamas
97027,Glen Echo,Glen Echo-97027,Clackamas
97267,Glen Echo,Glen Echo-97267,Clackamas
97439,Glenada,Glenada-97439,Lane
97133,Glencoe,Glencoe-97133,Washington
97442,Glendale,Glendale-97442,Douglas
97388,Gleneden Beach,Gleneden Beach-97388,Lincoln
97233,Glenfair,Glenfair-97233,Multnomah
97034,Glenmorrie,Glenmorrie-97034,Clackamas
97116,Glenwood,Glenwood-97116,Washington
97443,Glide,Glide-97443,Douglas
97444,Gold Beach,Gold Beach-97444,Curry
97525,Gold Hill,Gold Hill-97525,Jackson
97201,Goose Hollow,Goose Hollow-97201,Multnomah
97205,Goose Hollow,Goose Hollow-97205,Multnomah
97405,Goshen,Goshen-97405,Lane
97028,Government Camp,Government Camp-97028,Clackamas
97114,Grand Island,Grand Island-97114,Yamhill
97347,Grand Ronde,Grand Ronde-97347,Polk
97877,Granite,Granite-97877,Baker
97212,Grant Park,Grant Park-97212,Multnomah
97526,Grants Pass,Grants Pass-97526,Josephine
97527,Grants Pass,Grants Pass-97527,Josephine
97528,Grants Pass,Grants Pass-97528,Josephine
97543,Grants Pass,Grants Pass-97543,Josephine
97029,Grass Valley,Grass Valley-97029,Sherman
97223,Greenburg,Greenburg-97223,Washington
97877,Greenhorn,Greenhorn-97877,Baker
97430,Greenleaf,Greenleaf-97430,Lane
97116,Greenville,Greenville-97116,Washington
97008,Greenway,Greenway-97008,Washington
97030,Gresham,Gresham-97030,Multnomah
97080,Gresham,Gresham-97080,Multnomah
97080,Gresham Butte,Gresham Butte-97080,Multnomah
97007,Groners Corner,Groners Corner-97007,Washington
97123,Groners Corner,Groners Corner-97123,Washington
97833,Haines,Haines-97833,Baker
97009,Haley,Haley-97009,Clackamas
97834,Halfway,Halfway-97834,Baker
97348,Halsey,Halsey-97348,Linn
97121,Hammond,Hammond-97121,Clatsop
97009,Happy Valley,Happy Valley-97009,Clackamas
97015,Happy Valley,Happy Valley-97015,Clackamas
97086,Happy Valley,Happy Valley-97086,Clackamas
97236,Happy Valley,Happy Valley-97236,Multnomah
97266,Happy Valley,Happy Valley-97266,Multnomah
97415,Harbor,Harbor-97415,Curry
97231,Harborton,Harborton-97231,Multnomah
97343,Harlan,Harlan-97343,Lincoln
97015,Harmony,Harmony-97015,Clackamas
97266,Harmony Point,Harmony Point-97266,Multnomah
97906,Harper,Harper-97906,Malheur
97446,Harrisburg,Harrisburg-97446,Linn
97217,Hayden Island,Hayden Island-97217,Multnomah
97221,Hayhurst,Hayhurst-97221,Multnomah
97007,Hazeldale,Hazeldale-97007,Washington
97068,Hazelia,Hazelia-97068,Clackamas
97230,Hazelwood,Hazelwood-97230,Multnomah
97201,Healy Heights,Healy Heights-97201,Multnomah
97122,Hebo,Hebo-97122,Tillamook
97835,Helix,Helix-97835,Umatilla
97124,Helvetia,Helvetia-97124,Washington
97492,Hemlock,Hemlock-97492,Lane
97045,Henrici,Henrici-97045,Clackamas
97836,Heppner,Heppner-97836,Morrow
97837,Hereford,Hereford-97837,Baker
97038,Hermans,Hermans-97038,Clackamas
97838,Hermiston,Hermiston-97838,Umatilla
97068,Hidden Springs,Hidden Springs-97068,Clackamas
97003,Hillsboro,Hillsboro-97003,Washington
97006,Hillsboro,Hillsboro-97006,Washington
97123,Hillsboro,Hillsboro-97123,Washington
97124,Hillsboro,Hillsboro-97124,Washington
97129,Hillsboro,Hillsboro-97129,Washington
97201,Hillsdale,Hillsdale-97201,Multnomah
97210,Hillside,Hillside-97210,Multnomah
97080,Hillsview,Hillsview-97080,Multnomah
97738,Hines,Hines-97738,Harney
97004,Hogback,Hogback-97004,Clackamas
97231,Holbrook,Holbrook-97231,Multnomah
97080,Hollybrook,Hollybrook-97080,Multnomah
97212,Hollywood,Hollywood-97212,Multnomah
97213,Hollywood,Hollywood-97213,Multnomah
501,Holtsville,Holtsville-501,Suffolk
97201,Homestead,Homestead-97201,Multnomah
97031,Hood River,Hood River-97031,Hood River
97140,Hoodview,Hoodview-97140,Washington
97412,Horton,Horton-97412,Lane
97202,Hosford Abernethy,Hosford Abernethy-97202,Multnomah
97214,Hosford Abernethy,Hosford Abernethy-97214,Multnomah
97032,Hubbard,Hubbard-97032,Marion
97217,Humboldt,Humboldt-97217,Multnomah
97907,Huntington,Huntington-97907,Baker
97008,Hyland Hills,Hyland Hills-97008,Washington
97350,Idanha,Idanha-97350,Marion
97447,Idleyld Park,Idleyld Park-97447,Douglas
97841,Imbler,Imbler-97841,Union
97842,Imnaha,Imnaha-97842,Wallowa
97351,Independence,Independence-97351,Polk
97024,Interlachen,Interlachen-97024,Multnomah
97843,Ione,Ione-97843,Morrow
97908,Ironside,Ironside-97908,Malheur
97844,Irrigon,Irrigon-97844,Morrow
97212,Irvington,Irvington-97212,Multnomah
97850,Island City,Island City-97850,Union
97530,Jacksonville,Jacksonville-97530,Jackson
97007,Jacktown,Jacktown-97007,Washington
97909,Jamieson,Jamieson-97909,Malheur
97438,Jasper,Jasper-97438,Lane
97035,Jean,Jean-97035,Clackamas
97352,Jefferson,Jefferson-97352,Marion
97267,Jennings Lodge,Jennings Lodge-97267,Clackamas
97138,Jewell,Jewell-97138,Clatsop
97845,John Day,John Day-97845,Grant
97015,Johnson City,Johnson City-97015,Clackamas
97267,Johnson City,Johnson City-97267,Clackamas
97910,Jordan Valley,Jordan Valley-97910,Malheur
97846,Joseph,Joseph-97846,Wallowa
97448,Junction City,Junction City-97448,Lane
97911,Juntura,Juntura-97911,Malheur
97116,Kansas City,Kansas City-97116,Washington
97814,Keating,Keating-97814,Baker
97303,Keizer,Keizer-97303,Marion
97307,Keizer,Keizer-97307,Marion
97080,Kelly Creek,Kelly Creek-97080,Multnomah
97009,Kelso,Kelso-97009,Clackamas
97627,Keno,Keno-97627,Klamath
97033,Kent,Kent-97033,Sherman
97217,Kenton,Kenton-97217,Multnomah
97531,Kerby,Kerby-97531,Josephine
97232,Kerns,Kerns-97232,Multnomah
97367,Kernville,Kernville-97367,Lincoln
97848,Kimberly,Kimberly-97848,Grant
97211,King,King-97211,Multnomah
97224,King City,King City-97224,Washington
97007,Kinton,Kinton-97007,Washington
97830,Kinzua,Kinzua-97830,Wheeler
97601,Klamath Falls,Klamath Falls-97601,Klamath
97602,Klamath Falls,Klamath Falls-97602,Klamath
97603,Klamath Falls,Klamath Falls-97603,Klamath
97625,Klamath Falls,Klamath Falls-97625,Klamath
97850,La Grande,La Grande-97850,Union
97739,La Pine,La Pine-97739,Deschutes
97070,Ladd Hill,Ladd Hill-97070,Clackamas
97127,Lafayette,Lafayette-97127,Yamhill
97201,Lair Hill,Lair Hill-97201,Multnomah
97034,Lake Grove,Lake Grove-97034,Clackamas
97035,Lake Grove,Lake Grove-97035,Clackamas
97603,Lake of the Woods,Lake of the Woods-97603,Klamath
97034,Lake Oswego,Lake Oswego-97034,Clackamas
97035,Lake Oswego,Lake Oswego-97035,Clackamas
97449,Lakeside,Lakeside-97449,Coos
97630,Lakeview,Lakeview-97630,Lake
97034,Lakewood,Lakewood-97034,Clackamas
97450,Langlois,Langlois-97450,Curry
97123,Laurel,Laurel-97123,Washington
97232,Laurelhurst,Laurelhurst-97232,Multnomah
97119,Laurelwood,Laurelwood-97119,Washington
97720,Lawen,Lawen-97720,Harney
97489,Leaburg,Leaburg-97489,Lane
97355,Lebanon,Lebanon-97355,Linn
97266,Lents,Lents-97266,Multnomah
97839,Lexington,Lexington-97839,Morrow
97038,Liberal,Liberal-97038,Clackamas
97520,Lincoln,Lincoln-97520,Jackson
97341,Lincoln Beach,Lincoln Beach-97341,Lincoln
97367,Lincoln City,Lincoln City-97367,Lincoln
97045,Linns Mill,Linns Mill-97045,Clackamas
97231,Linnton,Linnton-97231,Multnomah
97045,Logan,Logan-97045,Clackamas
97357,Logsden,Logsden-97357,Lincoln
97013,Lone Elder,Lone Elder-97013,Clackamas
97823,Lonerock,Lonerock-97823,Gilliam
97451,Lorane,Lorane-97451,Lane
97857,Lostine,Lostine-97857,Wallowa
97452,Lowell,Lowell-97452,Lane
97004,Lower Highland,Lower Highland-97004,Clackamas
97148,Lunnville,Lunnville-97148,Yamhill
97358,Lyons,Lyons-97358,Linn
97013,Macksburg,Macksburg-97013,Clackamas
97220,Madison South,Madison South-97220,Multnomah
97741,Madras,Madras-97741,Jefferson
97124,Mahan,Mahan-97124,Washington
97632,Malin,Malin-97632,Klamath
97125,Manning,Manning-97125,Washington
97130,Manzanita,Manzanita-97130,Tillamook
97453,Mapleton,Mapleton-97453,Lane
97219,Maplewood,Maplewood-97219,Multnomah
97454,Marcola,Marcola-97454,Lane
97392,Marion,Marion-97392,Marion
97420,Market,Market-97420,Coos
97219,Markham,Markham-97219,Multnomah
97055,Marmot,Marmot-97055,Clackamas
97038,Marquam,Marquam-97038,Clackamas
97219,Marshall Park,Marshall Park-97219,Multnomah
97036,Marylhurst,Marylhurst-97036,Clackamas
97068,Marylhurst Heights,Marylhurst Heights-97068,Clackamas
97004,Massinger Corner,Massinger Corner-97004,Clackamas
97037,Maupin,Maupin-97037,Wasco
97830,Mayville,Mayville-97830,Wheeler
97220,Maywood Park,Maywood Park-97220,Multnomah
97413,McKenzie Bridge,McKenzie Bridge-97413,Lane
97128,McMinnville,McMinnville-97128,Yamhill
97882,McNary,McNary-97882,Umatilla
97859,Meacham,Meacham-97859,Umatilla
97501,Medford,Medford-97501,Jackson
97502,Medford,Medford-97502,Jackson
97503,Medford,Medford-97503,Jackson
97504,Medford,Medford-97504,Jackson
97814,Medical Springs,Medical Springs-97814,Baker
97384,Mehama,Mehama-97384,Marion
97470,Melrose,Melrose-97470,Douglas
97532,Merlin,Merlin-97532,Josephine
97633,Merrill,Merrill-97633,Klamath
97741,Metolius,Metolius-97741,Jefferson
97223,Metzger,Metzger-97223,Washington
97140,Middleton,Middleton-97140,Washington
97634,Midland,Midland-97634,Klamath
97123,Midway,Midway-97123,Washington
97861,Mikkalo,Mikkalo-97861,Gilliam
97360,Mill City,Mill City-97360,Linn
97233,Mill Park,Mill Park-97233,Multnomah
97231,Miller,Miller-97231,Multnomah
97455,Milo,Milo-97455,Lane
97862,Milton Freewater,Milton Freewater-97862,Umatilla
97222,Milwaukie,Milwaukie-97222,Clackamas
97267,Milwaukie,Milwaukie-97267,Clackamas
97269,Milwaukie,Milwaukie-97269,Clackamas
97222,Milwaukie Heights,Milwaukie Heights-97222,Clackamas
97016,Mist,Mist-97016,Columbia
97750,Mitchell,Mitchell-97750,Wheeler
97477,Mohawk,Mohawk-97477,Lane
97131,Mohler,Mohler-97131,Tillamook
97038,Molalla,Molalla-97038,Clackamas
97361,Monmouth,Monmouth-97361,Polk
97456,Monroe,Monroe-97456,Benton
97216,Montavilla,Montavilla-97216,Multnomah
97864,Monument,Monument-97864,Grant
97039,Moro,Moro-97039,Sherman
97040,Mosier,Mosier-97040,Wasco
97362,Mount Angel,Mount Angel-97362,Marion
97041,Mount Hood,Mount Hood-97041,Hood River
97080,Mount Hood,Mount Hood-97080,Multnomah
97041,Mount Hood Parkdale,Mount Hood Parkdale-97041,Hood River
97038,Mount Hope,Mount Hope-97038,Clackamas
97206,Mount Scott-Arleta,Mount Scott-Arleta-97206,Multnomah
97215,Mount Tabor,Mount Tabor-97215,Multnomah
97865,Mount Vernon,Mount Vernon-97865,Grant
97140,Mountain Home,Mountain Home-97140,Washington
97133,Mountaindale,Mountaindale-97133,Washington
97042,Mulino,Mulino-97042,Clackamas
97140,Mulloy,Mulloy-97140,Washington
97219,Multnomah,Multnomah-97219,Multnomah
97533,Murphy,Murphy-97533,Josephine
97007,Murrayhill,Murrayhill-97007,Washington
97457,Myrtle Creek,Myrtle Creek-97457,Douglas
97458,Myrtle Point,Myrtle Point-97458,Coos
97267,Naef,Naef-97267,Clackamas
97131,Nehalem,Nehalem-97131,Tillamook
97364,Neotsu,Neotsu-97364,Lincoln
97149,Neskowin,Neskowin-97149,Tillamook
97143,Netarts,Netarts-97143,Tillamook
97045,New Era,New Era-97045,Clackamas
97635,New Pine Creek,New Pine Creek-97635,Lake
97132,Newberg,Newberg-97132,Yamhill
97365,Newport,Newport-97365,Lincoln
97366,Newport,Newport-97366,Lincoln
97123,Newton,Newton-97123,Washington
97321,North Albany,North Albany-97321,Linn
97459,North Bend,North Bend-97459,Coos
97030,North Central,North Central-97030,Multnomah
97030,North East,North East-97030,Multnomah
97024,North Gresham,North Gresham-97024,Multnomah
97133,North Plains,North Plains-97133,Washington
97867,North Powder,North Powder-97867,Union
97123,North Scholls,North Scholls-97123,Washington
97140,North Scholls,North Scholls-97140,Washington
97030,North West,North West-97030,Multnomah
97210,Northwest,Northwest-97210,Multnomah
97229,Northwest Heights,Northwest Heights-97229,Washington
97210,Northwest Industrial,Northwest Industrial-97210,Multnomah
97458,Norway,Norway-97458,Coos
97062,Norwood,Norwood-97062,Washington
97461,Noti,Noti-97461,Lane
97913,Nyssa,Nyssa-97913,Malheur
97222,Oak Grove,Oak Grove-97222,Clackamas
97267,Oak Grove,Oak Grove-97267,Clackamas
97268,Oak Grove,Oak Grove-97268,Clackamas
97006,Oak Hills,Oak Hills-97006,Washington
97462,Oakland,Oakland-97462,Douglas
97463,Oakridge,Oakridge-97463,Lane
97534,O'Brien,O'Brien-97534,Josephine
97134,Oceanside,Oceanside-97134,Tillamook
97044,Odell,Odell-97044,Hood River
97209,Oldtown-Chinatown,Oldtown-Chinatown-97209,Multnomah
97013,O'Neil Corners,O'Neil Corners-97013,Clackamas
97914,Ontario,Ontario-97914,Malheur
97464,Ophir,Ophir-97464,Curry
97045,Oregon City,Oregon City-97045,Clackamas
97124,Orenco,Orenco-97124,Washington
97601,Oretech,Oretech-97601,Klamath
97080,Orient,Orient-97080,Multnomah
97368,Otis,Otis-97368,Lincoln
97369,Otter Rock,Otter Rock-97369,Lincoln
97045,Outlook,Outlook-97045,Clackamas
97217,Overlook,Overlook-97217,Multnomah
97840,Oxbow,Oxbow-97840,Baker
97135,Pacific City,Pacific City-97135,Tillamook
97636,Paisley,Paisley-97636,Lake
97034,Palisades,Palisades-97034,Clackamas
97045,Park Place,Park Place-97045,Clackamas
97041,Parkdale,Parkdale-97041,Hood River
97220,Parkrose,Parkrose-97220,Multnomah
97220,Parkrose Heights,Parkrose Heights-97220,Multnomah
97751,Paulina,Paulina-97751,Crook
97209,Pearl District,Pearl District-97209,Multnomah
97801,Pendleton,Pendleton-97801,Umatilla
97370,Philomath,Philomath-97370,Benton
97535,Phoenix,Phoenix-97535,Jackson
97217,Piedmont,Piedmont-97217,Multnomah
97868,Pilot Rock,Pilot Rock-97868,Umatilla
97037,Pine Grove,Pine Grove-97037,Wasco
97444,Pistol River,Pistol River-97444,Curry
97455,Pleasant Hill,Pleasant Hill-97455,Lane
97080,Pleasant Home,Pleasant Home-97080,Multnomah
97236,Pleasant Valley,Pleasant Valley-97236,Multnomah
97637,Plush,Plush-97637,Lake
97465,Port Orford,Port Orford-97465,Curry
97086,Portland,Portland-97086,Clackamas
97201,Portland,Portland-97201,Multnomah
97202,Portland,Portland-97202,Multnomah
97203,Portland,Portland-97203,Multnomah
97204,Portland,Portland-97204,Multnomah
97205,Portland,Portland-97205,Multnomah
97206,Portland,Portland-97206,Multnomah
97207,Portland,Portland-97207,Multnomah
97208,Portland,Portland-97208,Multnomah
97209,Portland,Portland-97209,Multnomah
97210,Portland,Portland-97210,Multnomah
97211,Portland,Portland-97211,Multnomah
97212,Portland,Portland-97212,Multnomah
97213,Portland,Portland-97213,Multnomah
97214,Portland,Portland-97214,Multnomah
97215,Portland,Portland-97215,Multnomah
97216,Portland,Portland-97216,Multnomah
97217,Portland,Portland-97217,Multnomah
97218,Portland,Portland-97218,Multnomah
97219,Portland,Portland-97219,Multnomah
97220,Portland,Portland-97220,Multnomah
97221,Portland,Portland-97221,Multnomah
97222,Portland,Portland-97222,Clackamas
97223,Portland,Portland-97223,Washington
97224,Portland,Portland-97224,Washington
97225,Portland,Portland-97225,Washington
97227,Portland,Portland-97227,Multnomah
97228,Portland,Portland-97228,Multnomah
97229,Portland,Portland-97229,Washington
97230,Portland,Portland-97230,Multnomah
97231,Portland,Portland-97231,Multnomah
97232,Portland,Portland-97232,Multnomah
97233,Portland,Portland-97233,Multnomah
97236,Portland,Portland-97236,Multnomah
97238,Portland,Portland-97238,Multnomah
97239,Portland,Portland-97239,Multnomah
97240,Portland,Portland-97240,Multnomah
97242,Portland,Portland-97242,Multnomah
97250,Portland,Portland-97250,Multnomah
97251,Portland,Portland-97251,Multnomah
97252,Portland,Portland-97252,Multnomah
97253,Portland,Portland-97253,Multnomah
97254,Portland,Portland-97254,Multnomah
97256,Portland,Portland-97256,Multnomah
97258,Portland,Portland-97258,Multnomah
97266,Portland,Portland-97266,Multnomah
97267,Portland,Portland-97267,Clackamas
97268,Portland,Portland-97268,Clackamas
97269,Portland,Portland-97269,Clackamas
97280,Portland,Portland-97280,Multnomah
97281,Portland,Portland-97281,Washington
97282,Portland,Portland-97282,Multnomah
97283,Portland,Portland-97283,Multnomah
97286,Portland,Portland-97286,Multnomah
97290,Portland,Portland-97290,Multnomah
97291,Portland,Portland-97291,Washington
97292,Portland,Portland-97292,Multnomah
97293,Portland,Portland-97293,Multnomah
97294,Portland,Portland-97294,Multnomah
97296,Portland,Portland-97296,Multnomah
97298,Portland,Portland-97298,Washington
97203,Portsmouth,Portsmouth-97203,Multnomah
97752,Post,Post-97752,Crook
97753,Powell Butte,Powell Butte-97753,Crook
97030,Powell Valley,Powell Valley-97030,Multnomah
97233,Powellhurst,Powellhurst-97233,Multnomah
97466,Powers,Powers-97466,Coos
97002,Prahl,Prahl-97002,Marion
97869,Prairie City,Prairie City-97869,Grant
97048,Prescott,Prescott-97048,Columbia
97721,Princeton,Princeton-97721,Harney
97754,Prineville,Prineville-97754,Crook
97008,Progress,Progress-97008,Washington
97223,Progress,Progress-97223,Washington
97536,Prospect,Prospect-97536,Jackson
97006,Quatama,Quatama-97006,Washington
97231,Rafton,Rafton-97231,Multnomah
97048,Rainier,Rainier-97048,Columbia
97225,Raleigh Hills,Raleigh Hills-97225,Washington
97045,Redland,Redland-97045,Clackamas
97756,Redmond,Redmond-97756,Deschutes
97202,Reed,Reed-97202,Multnomah
97467,Reedsport,Reedsport-97467,Douglas
97006,Reedville,Reedville-97006,Washington
97458,Remote,Remote-97458,Coos
97132,Rex,Rex-97132,Yamhill
97049,Rhododendron,Rhododendron-97049,Clackamas
97870,Richland,Richland-97870,Baker
97202,Richmond,Richmond-97202,Multnomah
97371,Rickreall,Rickreall-97371,Polk
97469,Riddle,Riddle-97469,Douglas
97758,Riley,Riley-97758,Harney
97856,Ritter,Ritter-97856,Grant
97035,River Grove,River Grove-97035,Clackamas
97231,River Junction,River Junction-97231,Multnomah
97219,Riverdale,Riverdale-97219,Multnomah
97034,Rivergrove,Rivergrove-97034,Clackamas
97917,Riverside,Riverside-97917,Malheur
97423,Riverton,Riverton-97423,Coos
97219,Riverwood,Riverwood-97219,Multnomah
97368,Roads End,Roads End-97368,Lincoln
97068,Robinwood,Robinwood-97068,Clackamas
97229,Rock Creek,Rock Creek-97229,Washington
97136,Rockaway,Rockaway-97136,Tillamook
97136,Rockaway Beach,Rockaway Beach-97136,Tillamook
97233,Rockwood,Rockwood-97233,Multnomah
97601,Rocky Point,Rocky Point-97601,Klamath
97537,Rogue River,Rogue River-97537,Jackson
97910,Rome,Rome-97910,Malheur
97213,Rose City Park,Rose City Park-97213,Multnomah
97367,Rose Lodge,Rose Lodge-97367,Lincoln
97470,Roseburg,Roseburg-97470,Douglas
97471,Roseburg,Roseburg-97471,Douglas
97068,Rosemont,Rosemont-97068,Clackamas
97213,Roseway,Roseway-97213,Multnomah
97035,Rosewood,Rosewood-97035,Clackamas
97267,Rothe,Rothe-97267,Clackamas
97116,Roy,Roy-97116,Washington
97050,Rufus,Rufus-97050,Sherman
97212,Sabin,Sabin-97212,Multnomah
97424,Saginaw,Saginaw-97424,Lane
97373,Saint Benedict,Saint Benedict-97373,Marion
97051,Saint Helens,Saint Helens-97051,Columbia
97203,Saint Johns,Saint Johns-97203,Multnomah
97128,Saint Joseph,Saint Joseph-97128,Yamhill
97137,Saint Paul,Saint Paul-97137,Marion
97301,Salem,Salem-97301,Marion
97302,Salem,Salem-97302,Marion
97303,Salem,Salem-97303,Marion
97304,Salem,Salem-97304,Polk
97305,Salem,Salem-97305,Marion
97306,Salem,Salem-97306,Marion
97307,Salem,Salem-97307,Marion
97308,Salem,Salem-97308,Marion
97309,Salem,Salem-97309,Marion
97310,Salem,Salem-97310,Marion
97311,Salem,Salem-97311,Marion
97312,Salem,Salem-97312,Marion
97314,Salem,Salem-97314,Marion
97317,Salem,Salem-97317,Marion
97011,Salmon,Salmon-97011,Clackamas
97525,Sams Valley,Sams Valley-97525,Jackson
97055,Sandy,Sandy-97055,Clackamas
97023,Santa Cruz,Santa Cruz-97023,Clackamas
97056,Scappoose,Scappoose-97056,Columbia
97113,Schefflin,Schefflin-97113,Washington
97123,Scholls,Scholls-97123,Washington
97374,Scio,Scio-97374,Linn
97375,Scotts Mills,Scotts Mills-97375,Marion
97473,Scottsburg,Scottsburg-97473,Douglas
97376,Seal Rock,Seal Rock-97376,Lincoln
97138,Seaside,Seaside-97138,Clatsop
97202,Sellwood-Moreland,Sellwood-Moreland-97202,Multnomah
97538,Selma,Selma-97538,Josephine
97873,Seneca,Seneca-97873,Grant
97007,Sexton Mountain,Sexton Mountain-97007,Washington
97068,Shadowood,Shadowood-97068,Clackamas
97133,Shady Brook,Shady Brook-97133,Washington
97539,Shady Cove,Shady Cove-97539,Jackson
97057,Shaniko,Shaniko-97057,Wasco
97377,Shedd,Shedd-97377,Linn
97378,Sheridan,Sheridan-97378,Yamhill
97140,Sherwood,Sherwood-97140,Washington
97055,Shortys Corner,Shortys Corner-97055,Clackamas
97380,Siletz,Siletz-97380,Lincoln
97638,Silver Lake,Silver Lake-97638,Lake
97381,Silverton,Silverton-97381,Marion
97759,Sisters,Sisters-97759,Deschutes
97140,Six Corners,Six Corners-97140,Washington
97476,Sixes,Sixes-97476,Curry
97006,Somerset West,Somerset West-97006,Washington
97008,Sorrento Ridge,Sorrento Ridge-97008,Washington
97366,South Beach,South Beach-97366,Lincoln
97219,South Burlingame,South Burlingame-97219,Multnomah
97034,South Lake Oswego,South Lake Oswego-97034,Clackamas
97910,South Mountain,South Mountain-97910,Malheur
97206,South Tabor,South Tabor-97206,Multnomah
97080,Southwest,Southwest-97080,Multnomah
97201,Southwest Hills,Southwest Hills-97201,Multnomah
97639,Sprague River,Sprague River-97639,Klamath
97874,Spray,Spray-97874,Wheeler
97132,Springbrook,Springbrook-97132,Yamhill
97060,Springdale,Springdale-97060,Multnomah
97475,Springfield,Springfield-97475,Lane
97477,Springfield,Springfield-97477,Lane
97478,Springfield,Springfield-97478,Lane
97062,Stafford,Stafford-97062,Washington
97875,Stanfield,Stanfield-97875,Umatilla
97124,Starkey Corner,Starkey Corner-97124,Washington
97383,Stayton,Stayton-97383,Marion
97462,Stephens,Stephens-97462,Douglas
97119,Stimson Mill,Stimson Mill-97119,Washington
97385,Sublimity,Sublimity-97385,Marion
97232,Sullivans Gulch,Sullivans Gulch-97232,Multnomah
97640,Summer Lake,Summer Lake-97640,Lake
97876,Summerville,Summerville-97876,Union
97877,Sumpter,Sumpter-97877,Baker
97211,Sunderland,Sunderland-97211,Multnomah
97218,Sunderland,Sunderland-97218,Multnomah
97497,Sunny Valley,Sunny Valley-97497,Josephine
97132,Sunnycrest,Sunnycrest-97132,Yamhill
97015,Sunnyside,Sunnyside-97015,Clackamas
97214,Sunnyside,Sunnyside-97214,Multnomah
97707,Sunriver,Sunriver-97707,Deschutes
97068,Sunset,Sunset-97068,Clackamas
97479,Sutherlin,Sutherlin-97479,Douglas
97386,Sweet Home,Sweet Home-97386,Linn
97480,Swisshome,Swisshome-97480,Lane
97221,Sylvan Highlands,Sylvan Highlands-97221,Multnomah
97540,Talent,Talent-97540,Jackson
97389,Tangent,Tangent-97389,Linn
97481,Tenmile,Tenmile-97481,Douglas
97760,Terrebonne,Terrebonne-97760,Deschutes
97116,Thatcher,Thatcher-97116,Washington
97058,The Dalles,The Dalles-97058,Wasco
97390,Tidewater,Tidewater-97390,Lincoln
97223,Tigard,Tigard-97223,Washington
97224,Tigard,Tigard-97224,Washington
97281,Tigard,Tigard-97281,Washington
97141,Tillamook,Tillamook-97141,Tillamook
97106,Tillamook Junction,Tillamook Junction-97106,Washington
97484,Tiller,Tiller-97484,Douglas
97144,Timber,Timber-97144,Washington
97028,Timberline Lodge,Timberline Lodge-97028,Clackamas
97391,Toledo,Toledo-97391,Lincoln
97145,Tolovana Park,Tolovana Park-97145,Clatsop
97103,Tongue Point Village,Tongue Point Village-97103,Clatsop
97062,Tonquin,Tonquin-97062,Washington
97023,Tracy,Tracy-97023,Clackamas
97541,Trail,Trail-97541,Jackson
97412,Triangle Lake,Triangle Lake-97412,Lane
97060,Troutdale,Troutdale-97060,Multnomah
97062,Tualatin,Tualatin-97062,Washington
97392,Turner,Turner-97392,Marion
97063,Tygh Valley,Tygh Valley-97063,Wasco
97880,Ukiah,Ukiah-97880,Umatilla
97882,Umatilla,Umatilla-97882,Umatilla
97486,Umpqua,Umpqua-97486,Douglas
97883,Union,Union-97883,Union
97536,Union Creek,Union Creek-97536,Jackson
97042,Union Mills,Union Mills-97042,Clackamas
97231,United Junction,United Junction-97231,Multnomah
97884,Unity,Unity-97884,Baker
97203,University Park,University Park-97203,Multnomah
97004,Upper Highland,Upper Highland-97004,Clackamas
97113,Vadis,Vadis-97113,Washington
97918,Vale,Vale-97918,Malheur
97124,Valle Vista,Valle Vista-97124,Washington
97487,Veneta,Veneta-97487,Lane
97116,Verboort,Verboort-97116,Washington
97211,Vernon,Vernon-97211,Multnomah
97064,Vernonia,Vernonia-97064,Columbia
97488,Vida,Vida-97488,Lane
97023,Viola,Viola-97023,Clackamas
97394,Waldport,Waldport-97394,Lincoln
97002,Wallace,Wallace-97002,Marion
97885,Wallowa,Wallowa-97885,Wallowa
97489,Walterville,Walterville-97489,Lane
97490,Walton,Walton-97490,Lane
97063,Wamic,Wamic-97063,Wasco
97062,Wankers Corner,Wankers Corner-97062,Washington
97119,Wapato,Wapato-97119,Washington
97761,Warm Springs,Warm Springs-97761,Jefferson
97053,Warren,Warren-97053,Columbia
97146,Warrenton,Warrenton-97146,Clatsop
97065,Wasco,Wasco-97065,Sherman
97355,Waterloo,Waterloo-97355,Linn
97491,Wedderburn,Wedderburn-97491,Curry
97067,Welches,Welches-97067,Clackamas
97067,Wemme,Wemme-97067,Clackamas
97225,West Haven,West Haven-97225,Washington
97035,West Lake,West Lake-97035,Clackamas
97068,West Linn,West Linn-97068,Clackamas
97219,West Portland Park,West Portland Park-97219,Multnomah
97304,West Salem,West Salem-97304,Polk
97225,West Slope,West Slope-97225,Washington
97325,West Stayton,West Stayton-97325,Marion
97124,West Union,West Union-97124,Washington
97920,Westfall,Westfall-97920,Malheur
97492,Westfir,Westfir-97492,Lane
97493,Westlake,Westlake-97493,Lane
97886,Weston,Weston-97886,Umatilla
97016,Westport,Westport-97016,Columbia
97009,Wetzels Corner,Wetzels Corner-97009,Clackamas
97147,Wheeler,Wheeler-97147,Tillamook
97503,White City,White City-97503,Jackson
97008,Whitford,Whitford-97008,Washington
97494,Wilbur,Wilbur-97494,Douglas
97543,Wilderville,Wilderville-97543,Josephine
97230,Wilkes,Wilkes-97230,Multnomah
97230,Wilkes East,Wilkes East-97230,Multnomah
97106,Wilkesboro,Wilkesboro-97106,Washington
97068,Willamette,Willamette-97068,Clackamas
97396,Willamina,Willamina-97396,Yamhill
97544,Williams,Williams-97544,Josephine
97219,Wilson,Wilson-97219,Multnomah
97009,Wilson Corner,Wilson Corner-97009,Clackamas
97070,Wilsonville,Wilsonville-97070,Clackamas
97495,Winchester,Winchester-97495,Douglas
97467,Winchester Bay,Winchester Bay-97467,Douglas
97496,Winston,Winston-97496,Douglas
97123,Witch Hazel,Witch Hazel-97123,Washington
97497,Wolf Creek,Wolf Creek-97497,Josephine
97060,Wood Village,Wood Village-97060,Multnomah
97071,Woodburn,Woodburn-97071,Marion
97220,Woodland Park,Woodland Park-97220,Multnomah
97211,Woodlawn,Woodlawn-97211,Multnomah
97202,Woodstock,Woodstock-97202,Multnomah
97206,Woodstock,Woodstock-97206,Multnomah
97498,Yachats,Yachats-97498,Lincoln
97148,Yamhill,Yamhill-97148,Yamhill
97499,Yoncalla,Yoncalla-97499,Douglas
97049,Zigzag,Zigzag-97049,Clackamas
